user,nickname,avatarUrl,totalXP,preferredLanguage,createdAt,createdBy,modifiedAt,modifiedBy
Profiles-14856812,nickname-14856812,avatarUrl-14856812,7,Spanish,2006-03-03T18:30:00.000Z,createdBy.8ufl8@example.org,2004-01-30T18:30:00.000Z,modifiedBy.8ufl8@example.com
Profiles-14856813,nickname-14856813,avatarUrl-14856813,86,German,2020-08-21T18:30:00.000Z,createdBy.8ufl9@example.com,2015-02-08T18:30:00.000Z,modifiedBy.8ufl9@example.com
Profiles-14856814,nickname-14856814,avatarUrl-14856814,76,English,2011-01-28T18:30:00.000Z,createdBy.8ufla@example.org,2002-03-13T18:30:00.000Z,modifiedBy.8ufla@example.org
Profiles-14856815,nickname-14856815,avatarUrl-14856815,42,German,2006-10-31T18:30:00.000Z,createdBy.8uflb@example.com,2009-06-29T18:30:00.000Z,modifiedBy.8uflb@example.com
Profiles-14856816,nickname-14856816,avatarUrl-14856816,58,Spanish,2009-10-31T18:30:00.000Z,createdBy.8uflc@example.org,2012-09-02T18:30:00.000Z,modifiedBy.8uflc@example.net
Profiles-14856817,nickname-14856817,avatarUrl-14856817,55,Spanish,2009-05-28T18:30:00.000Z,createdBy.8ufld@example.org,2023-02-07T18:30:00.000Z,modifiedBy.8ufld@example.org
Profiles-14856818,nickname-14856818,avatarUrl-14856818,70,Spanish,2006-04-07T18:30:00.000Z,createdBy.8ufle@example.org,2017-03-27T18:30:00.000Z,modifiedBy.8ufle@example.org
Profiles-14856819,nickname-14856819,avatarUrl-14856819,17,English,2022-05-21T18:30:00.000Z,createdBy.8uflf@example.org,2019-06-28T18:30:00.000Z,modifiedBy.8uflf@example.org
Profiles-14856820,nickname-14856820,avatarUrl-14856820,19,Spanish,2017-05-10T18:30:00.000Z,createdBy.8uflg@example.org,2011-04-25T18:30:00.000Z,modifiedBy.8uflg@example.com
Profiles-14856821,nickname-14856821,avatarUrl-14856821,36,German,2012-07-19T18:30:00.000Z,createdBy.8uflh@example.com,2005-09-01T18:30:00.000Z,modifiedBy.8uflh@example.com
Profiles-14856822,nickname-14856822,avatarUrl-14856822,53,German,2014-01-25T18:30:00.000Z,createdBy.8ufli@example.com,2007-08-12T18:30:00.000Z,modifiedBy.8ufli@example.net
Profiles-14856823,nickname-14856823,avatarUrl-14856823,70,English,2020-11-27T18:30:00.000Z,createdBy.8uflj@example.net,2021-04-17T18:30:00.000Z,modifiedBy.8uflj@example.com
Profiles-14856824,nickname-14856824,avatarUrl-14856824,10,Spanish,2021-01-04T18:30:00.000Z,createdBy.8uflk@example.net,2011-07-03T18:30:00.000Z,modifiedBy.8uflk@example.org
Profiles-14856825,nickname-14856825,avatarUrl-14856825,48,German,2011-07-21T18:30:00.000Z,createdBy.8ufll@example.net,2016-08-05T18:30:00.000Z,modifiedBy.8ufll@example.net
Profiles-14856826,nickname-14856826,avatarUrl-14856826,13,English,2015-07-01T18:30:00.000Z,createdBy.8uflm@example.org,2005-11-21T18:30:00.000Z,modifiedBy.8uflm@example.org
Profiles-14856827,nickname-14856827,avatarUrl-14856827,36,English,2022-12-16T18:30:00.000Z,createdBy.8ufln@example.com,2014-11-15T18:30:00.000Z,modifiedBy.8ufln@example.net
Profiles-14856828,nickname-14856828,avatarUrl-14856828,75,Spanish,2020-04-01T18:30:00.000Z,createdBy.8uflo@example.org,2008-09-19T18:30:00.000Z,modifiedBy.8uflo@example.net
Profiles-14856829,nickname-14856829,avatarUrl-14856829,60,Spanish,2007-10-28T18:30:00.000Z,createdBy.8uflp@example.net,2001-07-04T18:30:00.000Z,modifiedBy.8uflp@example.com
Profiles-14856830,nickname-14856830,avatarUrl-14856830,38,English,2018-07-18T18:30:00.000Z,createdBy.8uflq@example.com,2010-06-23T18:30:00.000Z,modifiedBy.8uflq@example.org
Profiles-14856831,nickname-14856831,avatarUrl-14856831,29,Spanish,2003-12-31T18:30:00.000Z,createdBy.8uflr@example.org,2011-01-24T18:30:00.000Z,modifiedBy.8uflr@example.org
Profiles-14856832,nickname-14856832,avatarUrl-14856832,67,German,2008-12-14T18:30:00.000Z,createdBy.8ufls@example.org,2015-12-27T18:30:00.000Z,modifiedBy.8ufls@example.com
Profiles-14856833,nickname-14856833,avatarUrl-14856833,30,Spanish,2018-11-11T18:30:00.000Z,createdBy.8uflt@example.org,2009-08-16T18:30:00.000Z,modifiedBy.8uflt@example.org
Profiles-14856834,nickname-14856834,avatarUrl-14856834,71,Spanish,2021-08-17T18:30:00.000Z,createdBy.8uflu@example.com,2022-07-04T18:30:00.000Z,modifiedBy.8uflu@example.net
Profiles-14856835,nickname-14856835,avatarUrl-14856835,30,English,2017-08-27T18:30:00.000Z,createdBy.8uflv@example.com,2002-12-02T18:30:00.000Z,modifiedBy.8uflv@example.org
Profiles-14856836,nickname-14856836,avatarUrl-14856836,20,German,2003-03-01T18:30:00.000Z,createdBy.8uflw@example.com,2012-08-02T18:30:00.000Z,modifiedBy.8uflw@example.com
Profiles-14856837,nickname-14856837,avatarUrl-14856837,43,German,2007-10-11T18:30:00.000Z,createdBy.8uflx@example.org,2005-01-24T18:30:00.000Z,modifiedBy.8uflx@example.org
Profiles-14856838,nickname-14856838,avatarUrl-14856838,3,Spanish,2019-09-30T18:30:00.000Z,createdBy.8ufly@example.org,2017-07-13T18:30:00.000Z,modifiedBy.8ufly@example.org
Profiles-14856839,nickname-14856839,avatarUrl-14856839,7,German,2003-07-21T18:30:00.000Z,createdBy.8uflz@example.org,2005-04-19T18:30:00.000Z,modifiedBy.8uflz@example.com
Profiles-14856840,nickname-14856840,avatarUrl-14856840,65,English,2017-02-26T18:30:00.000Z,createdBy.8ufm0@example.com,2001-11-10T18:30:00.000Z,modifiedBy.8ufm0@example.com
Profiles-14856841,nickname-14856841,avatarUrl-14856841,17,Spanish,2005-08-22T18:30:00.000Z,createdBy.8ufm1@example.org,2001-09-06T18:30:00.000Z,modifiedBy.8ufm1@example.org
Profiles-14856842,nickname-14856842,avatarUrl-14856842,82,German,2019-01-03T18:30:00.000Z,createdBy.8ufm2@example.com,2005-10-24T18:30:00.000Z,modifiedBy.8ufm2@example.com
Profiles-14856843,nickname-14856843,avatarUrl-14856843,13,German,2004-06-16T18:30:00.000Z,createdBy.8ufm3@example.com,2023-07-16T18:30:00.000Z,modifiedBy.8ufm3@example.net
Profiles-14856844,nickname-14856844,avatarUrl-14856844,90,Spanish,2023-08-07T18:30:00.000Z,createdBy.8ufm4@example.com,2003-10-17T18:30:00.000Z,modifiedBy.8ufm4@example.org
Profiles-14856845,nickname-14856845,avatarUrl-14856845,39,German,2016-05-01T18:30:00.000Z,createdBy.8ufm5@example.org,2015-03-21T18:30:00.000Z,modifiedBy.8ufm5@example.org
Profiles-14856846,nickname-14856846,avatarUrl-14856846,88,English,2011-08-23T18:30:00.000Z,createdBy.8ufm6@example.com,2001-05-02T18:30:00.000Z,modifiedBy.8ufm6@example.net
Profiles-14856847,nickname-14856847,avatarUrl-14856847,60,Spanish,2015-05-21T18:30:00.000Z,createdBy.8ufm7@example.org,2020-10-17T18:30:00.000Z,modifiedBy.8ufm7@example.net
Profiles-14856848,nickname-14856848,avatarUrl-14856848,2,German,2014-07-06T18:30:00.000Z,createdBy.8ufm8@example.net,2008-08-08T18:30:00.000Z,modifiedBy.8ufm8@example.net
Profiles-14856849,nickname-14856849,avatarUrl-14856849,47,English,2018-07-12T18:30:00.000Z,createdBy.8ufm9@example.com,2004-08-04T18:30:00.000Z,modifiedBy.8ufm9@example.org
Profiles-14856850,nickname-14856850,avatarUrl-14856850,79,English,2019-12-11T18:30:00.000Z,createdBy.8ufma@example.org,2015-07-30T18:30:00.000Z,modifiedBy.8ufma@example.org
Profiles-14856851,nickname-14856851,avatarUrl-14856851,84,English,2022-11-12T18:30:00.000Z,createdBy.8ufmb@example.net,2022-08-16T18:30:00.000Z,modifiedBy.8ufmb@example.org
Profiles-14856852,nickname-14856852,avatarUrl-14856852,34,Spanish,2018-12-16T18:30:00.000Z,createdBy.8ufmc@example.org,2017-05-14T18:30:00.000Z,modifiedBy.8ufmc@example.org
Profiles-14856853,nickname-14856853,avatarUrl-14856853,30,English,2003-06-08T18:30:00.000Z,createdBy.8ufmd@example.org,2004-07-29T18:30:00.000Z,modifiedBy.8ufmd@example.com
Profiles-14856854,nickname-14856854,avatarUrl-14856854,50,English,2023-08-22T18:30:00.000Z,createdBy.8ufme@example.com,2006-01-19T18:30:00.000Z,modifiedBy.8ufme@example.com
Profiles-14856855,nickname-14856855,avatarUrl-14856855,74,Spanish,2022-07-29T18:30:00.000Z,createdBy.8ufmf@example.net,2023-09-25T18:30:00.000Z,modifiedBy.8ufmf@example.net
Profiles-14856856,nickname-14856856,avatarUrl-14856856,90,English,2003-12-13T18:30:00.000Z,createdBy.8ufmg@example.net,2000-11-14T18:30:00.000Z,modifiedBy.8ufmg@example.net
Profiles-14856857,nickname-14856857,avatarUrl-14856857,5,English,2008-07-11T18:30:00.000Z,createdBy.8ufmh@example.net,2007-05-29T18:30:00.000Z,modifiedBy.8ufmh@example.org
Profiles-14856858,nickname-14856858,avatarUrl-14856858,94,Spanish,2000-10-06T18:30:00.000Z,createdBy.8ufmi@example.com,2023-07-04T18:30:00.000Z,modifiedBy.8ufmi@example.com
Profiles-14856859,nickname-14856859,avatarUrl-14856859,76,English,2013-11-30T18:30:00.000Z,createdBy.8ufmj@example.net,2005-04-19T18:30:00.000Z,modifiedBy.8ufmj@example.com
Profiles-14856860,nickname-14856860,avatarUrl-14856860,78,English,2020-05-21T18:30:00.000Z,createdBy.8ufmk@example.org,2022-05-13T18:30:00.000Z,modifiedBy.8ufmk@example.org
Profiles-14856861,nickname-14856861,avatarUrl-14856861,2,Spanish,2015-11-02T18:30:00.000Z,createdBy.8ufml@example.org,2005-12-06T18:30:00.000Z,modifiedBy.8ufml@example.com
Profiles-14856862,nickname-14856862,avatarUrl-14856862,12,German,2011-01-29T18:30:00.000Z,createdBy.8ufmm@example.net,2010-06-06T18:30:00.000Z,modifiedBy.8ufmm@example.net
Profiles-14856863,nickname-14856863,avatarUrl-14856863,67,German,2001-01-10T18:30:00.000Z,createdBy.8ufmn@example.net,2004-04-23T18:30:00.000Z,modifiedBy.8ufmn@example.org
Profiles-14856864,nickname-14856864,avatarUrl-14856864,78,Spanish,2002-04-25T18:30:00.000Z,createdBy.8ufmo@example.net,2005-05-03T18:30:00.000Z,modifiedBy.8ufmo@example.com
Profiles-14856865,nickname-14856865,avatarUrl-14856865,17,German,2008-03-11T18:30:00.000Z,createdBy.8ufmp@example.org,2000-06-07T18:30:00.000Z,modifiedBy.8ufmp@example.net
Profiles-14856866,nickname-14856866,avatarUrl-14856866,84,German,2021-04-11T18:30:00.000Z,createdBy.8ufmq@example.org,2017-02-18T18:30:00.000Z,modifiedBy.8ufmq@example.com
Profiles-14856867,nickname-14856867,avatarUrl-14856867,29,Spanish,2009-05-21T18:30:00.000Z,createdBy.8ufmr@example.com,2011-02-05T18:30:00.000Z,modifiedBy.8ufmr@example.org
Profiles-14856868,nickname-14856868,avatarUrl-14856868,41,Spanish,2000-08-18T18:30:00.000Z,createdBy.8ufms@example.net,2022-01-24T18:30:00.000Z,modifiedBy.8ufms@example.com
Profiles-14856869,nickname-14856869,avatarUrl-14856869,54,Spanish,2010-07-05T18:30:00.000Z,createdBy.8ufmt@example.org,2021-07-15T18:30:00.000Z,modifiedBy.8ufmt@example.net
Profiles-14856870,nickname-14856870,avatarUrl-14856870,91,English,2019-04-27T18:30:00.000Z,createdBy.8ufmu@example.com,2009-08-11T18:30:00.000Z,modifiedBy.8ufmu@example.com
Profiles-14856871,nickname-14856871,avatarUrl-14856871,29,Spanish,2011-03-20T18:30:00.000Z,createdBy.8ufmv@example.net,2006-02-27T18:30:00.000Z,modifiedBy.8ufmv@example.com
Profiles-14856872,nickname-14856872,avatarUrl-14856872,80,Spanish,2021-03-29T18:30:00.000Z,createdBy.8ufmw@example.com,2016-11-11T18:30:00.000Z,modifiedBy.8ufmw@example.org
Profiles-14856873,nickname-14856873,avatarUrl-14856873,28,Spanish,2021-05-29T18:30:00.000Z,createdBy.8ufmx@example.org,2016-06-28T18:30:00.000Z,modifiedBy.8ufmx@example.org
Profiles-14856874,nickname-14856874,avatarUrl-14856874,99,Spanish,2001-06-29T18:30:00.000Z,createdBy.8ufmy@example.org,2019-08-13T18:30:00.000Z,modifiedBy.8ufmy@example.net
Profiles-14856875,nickname-14856875,avatarUrl-14856875,42,Spanish,2001-09-16T18:30:00.000Z,createdBy.8ufmz@example.org,2010-11-27T18:30:00.000Z,modifiedBy.8ufmz@example.org
Profiles-14856876,nickname-14856876,avatarUrl-14856876,85,Spanish,2021-12-12T18:30:00.000Z,createdBy.8ufn0@example.org,2018-03-15T18:30:00.000Z,modifiedBy.8ufn0@example.com
Profiles-14856877,nickname-14856877,avatarUrl-14856877,60,Spanish,2023-10-06T18:30:00.000Z,createdBy.8ufn1@example.com,2010-05-04T18:30:00.000Z,modifiedBy.8ufn1@example.org
Profiles-14856878,nickname-14856878,avatarUrl-14856878,37,German,2018-04-25T18:30:00.000Z,createdBy.8ufn2@example.com,2018-01-15T18:30:00.000Z,modifiedBy.8ufn2@example.org
Profiles-14856879,nickname-14856879,avatarUrl-14856879,69,German,2006-08-18T18:30:00.000Z,createdBy.8ufn3@example.org,2020-05-27T18:30:00.000Z,modifiedBy.8ufn3@example.net
Profiles-14856880,nickname-14856880,avatarUrl-14856880,38,English,2003-12-17T18:30:00.000Z,createdBy.8ufn4@example.net,2007-03-02T18:30:00.000Z,modifiedBy.8ufn4@example.net
Profiles-14856881,nickname-14856881,avatarUrl-14856881,36,German,2008-02-22T18:30:00.000Z,createdBy.8ufn5@example.com,2008-03-11T18:30:00.000Z,modifiedBy.8ufn5@example.net
Profiles-14856882,nickname-14856882,avatarUrl-14856882,94,German,2021-04-07T18:30:00.000Z,createdBy.8ufn6@example.com,2020-02-05T18:30:00.000Z,modifiedBy.8ufn6@example.net
Profiles-14856883,nickname-14856883,avatarUrl-14856883,6,Spanish,2012-05-04T18:30:00.000Z,createdBy.8ufn7@example.net,2014-11-08T18:30:00.000Z,modifiedBy.8ufn7@example.net
Profiles-14856884,nickname-14856884,avatarUrl-14856884,1,Spanish,2007-08-27T18:30:00.000Z,createdBy.8ufn8@example.com,2013-10-06T18:30:00.000Z,modifiedBy.8ufn8@example.net
Profiles-14856885,nickname-14856885,avatarUrl-14856885,50,German,2013-11-26T18:30:00.000Z,createdBy.8ufn9@example.org,2018-09-23T18:30:00.000Z,modifiedBy.8ufn9@example.net
Profiles-14856886,nickname-14856886,avatarUrl-14856886,10,German,2017-10-06T18:30:00.000Z,createdBy.8ufna@example.org,2000-10-23T18:30:00.000Z,modifiedBy.8ufna@example.net
Profiles-14856887,nickname-14856887,avatarUrl-14856887,59,Spanish,2011-01-26T18:30:00.000Z,createdBy.8ufnb@example.com,2023-05-14T18:30:00.000Z,modifiedBy.8ufnb@example.org
Profiles-14856888,nickname-14856888,avatarUrl-14856888,89,Spanish,2005-08-03T18:30:00.000Z,createdBy.8ufnc@example.org,2021-04-15T18:30:00.000Z,modifiedBy.8ufnc@example.net
Profiles-14856889,nickname-14856889,avatarUrl-14856889,1,German,2018-06-28T18:30:00.000Z,createdBy.8ufnd@example.com,2010-09-03T18:30:00.000Z,modifiedBy.8ufnd@example.net
Profiles-14856890,nickname-14856890,avatarUrl-14856890,53,German,2013-01-13T18:30:00.000Z,createdBy.8ufne@example.net,2011-10-05T18:30:00.000Z,modifiedBy.8ufne@example.org
Profiles-14856891,nickname-14856891,avatarUrl-14856891,91,Spanish,2022-12-22T18:30:00.000Z,createdBy.8ufnf@example.org,2010-03-05T18:30:00.000Z,modifiedBy.8ufnf@example.org
Profiles-14856892,nickname-14856892,avatarUrl-14856892,33,English,2018-03-13T18:30:00.000Z,createdBy.8ufng@example.com,2017-04-26T18:30:00.000Z,modifiedBy.8ufng@example.net
Profiles-14856893,nickname-14856893,avatarUrl-14856893,27,German,2016-05-02T18:30:00.000Z,createdBy.8ufnh@example.org,2000-08-05T18:30:00.000Z,modifiedBy.8ufnh@example.org
Profiles-14856894,nickname-14856894,avatarUrl-14856894,95,English,2020-11-22T18:30:00.000Z,createdBy.8ufni@example.com,2001-12-29T18:30:00.000Z,modifiedBy.8ufni@example.com
Profiles-14856895,nickname-14856895,avatarUrl-14856895,71,English,2017-01-31T18:30:00.000Z,createdBy.8ufnj@example.net,2000-01-11T18:30:00.000Z,modifiedBy.8ufnj@example.net
Profiles-14856896,nickname-14856896,avatarUrl-14856896,86,English,2001-05-02T18:30:00.000Z,createdBy.8ufnk@example.net,2003-12-19T18:30:00.000Z,modifiedBy.8ufnk@example.org
Profiles-14856897,nickname-14856897,avatarUrl-14856897,10,Spanish,2013-07-04T18:30:00.000Z,createdBy.8ufnl@example.net,2010-07-26T18:30:00.000Z,modifiedBy.8ufnl@example.org
Profiles-14856898,nickname-14856898,avatarUrl-14856898,38,English,2008-06-16T18:30:00.000Z,createdBy.8ufnm@example.com,2003-11-05T18:30:00.000Z,modifiedBy.8ufnm@example.net
Profiles-14856899,nickname-14856899,avatarUrl-14856899,40,German,2001-11-14T18:30:00.000Z,createdBy.8ufnn@example.net,2012-07-14T18:30:00.000Z,modifiedBy.8ufnn@example.com
Profiles-14856900,nickname-14856900,avatarUrl-14856900,52,Spanish,2014-12-29T18:30:00.000Z,createdBy.8ufno@example.org,2009-12-12T18:30:00.000Z,modifiedBy.8ufno@example.net
Profiles-14856901,nickname-14856901,avatarUrl-14856901,69,German,2007-08-21T18:30:00.000Z,createdBy.8ufnp@example.net,2001-03-11T18:30:00.000Z,modifiedBy.8ufnp@example.net
Profiles-14856902,nickname-14856902,avatarUrl-14856902,9,English,2012-02-02T18:30:00.000Z,createdBy.8ufnq@example.net,2021-01-02T18:30:00.000Z,modifiedBy.8ufnq@example.net
Profiles-14856903,nickname-14856903,avatarUrl-14856903,0,English,2000-11-10T18:30:00.000Z,createdBy.8ufnr@example.com,2000-06-07T18:30:00.000Z,modifiedBy.8ufnr@example.org
Profiles-14856904,nickname-14856904,avatarUrl-14856904,59,Spanish,2022-05-13T18:30:00.000Z,createdBy.8ufns@example.org,2013-07-27T18:30:00.000Z,modifiedBy.8ufns@example.org
Profiles-14856905,nickname-14856905,avatarUrl-14856905,14,English,2001-04-17T18:30:00.000Z,createdBy.8ufnt@example.org,2009-12-10T18:30:00.000Z,modifiedBy.8ufnt@example.com
Profiles-14856906,nickname-14856906,avatarUrl-14856906,32,Spanish,2000-02-24T18:30:00.000Z,createdBy.8ufnu@example.com,2023-11-03T18:30:00.000Z,modifiedBy.8ufnu@example.com
Profiles-14856907,nickname-14856907,avatarUrl-14856907,45,Spanish,2017-04-29T18:30:00.000Z,createdBy.8ufnv@example.com,2016-08-10T18:30:00.000Z,modifiedBy.8ufnv@example.net
Profiles-14856908,nickname-14856908,avatarUrl-14856908,75,German,2005-08-09T18:30:00.000Z,createdBy.8ufnw@example.net,2023-10-19T18:30:00.000Z,modifiedBy.8ufnw@example.com
Profiles-14856909,nickname-14856909,avatarUrl-14856909,45,English,2011-09-05T18:30:00.000Z,createdBy.8ufnx@example.net,2011-12-28T18:30:00.000Z,modifiedBy.8ufnx@example.net
Profiles-14856910,nickname-14856910,avatarUrl-14856910,10,German,2004-01-09T18:30:00.000Z,createdBy.8ufny@example.net,2002-09-19T18:30:00.000Z,modifiedBy.8ufny@example.org
Profiles-14856911,nickname-14856911,avatarUrl-14856911,23,German,2009-12-25T18:30:00.000Z,createdBy.8ufnz@example.net,2000-09-13T18:30:00.000Z,modifiedBy.8ufnz@example.org