ID,title,description,category_code,difficulty_level,sampleRepo,targetFile,baseCode,testScript,runner_code,createdAt,createdBy,modifiedAt,modifiedBy
14020271-e054-49c1-ab4e-337e530f036f,title-1402027,description-1402027,OTHER,EASY,sampleRepo-1402027,targetFile-1402027,baseCode-1402027,testScript-1402027,Runners-4358671,2000-05-23T18:30:00.000Z,createdBy.u1t7@example.com,2012-03-08T18:30:00.000Z,modifiedBy.u1t7@example.com
14020281-d904-4968-af06-e16705b691e7,title-1402028,description-1402028,OTHER,EASY,sampleRepo-1402028,targetFile-1402028,baseCode-1402028,testScript-1402028,Runners-4358671,2018-07-11T18:30:00.000Z,createdBy.u1t8@example.com,2007-02-26T18:30:00.000Z,modifiedBy.u1t8@example.com
1402029d-113b-48b9-aa36-6ed8e54559fd,title-1402029,description-1402029,OTHER,EASY,sampleRepo-1402029,targetFile-1402029,baseCode-1402029,testScript-1402029,Runners-4358671,2008-07-12T18:30:00.000Z,createdBy.u1t9@example.org,2012-01-16T18:30:00.000Z,modifiedBy.u1t9@example.net
1402030e-037e-4ba7-97c0-1f656de7b4b1,title-1402030,description-1402030,OTHER,EASY,sampleRepo-1402030,targetFile-1402030,baseCode-1402030,testScript-1402030,Runners-4358671,2003-07-31T18:30:00.000Z,createdBy.u1ta@example.com,2021-04-05T18:30:00.000Z,modifiedBy.u1ta@example.org
1402031a-2795-459c-8ffd-43f4825723cd,title-1402031,description-1402031,OTHER,EASY,sampleRepo-1402031,targetFile-1402031,baseCode-1402031,testScript-1402031,Runners-4358671,2015-04-04T18:30:00.000Z,createdBy.u1tb@example.net,2002-06-16T18:30:00.000Z,modifiedBy.u1tb@example.org
14020326-693c-48cc-a655-b2162315ab76,title-1402032,description-1402032,OTHER,EASY,sampleRepo-1402032,targetFile-1402032,baseCode-1402032,testScript-1402032,Runners-4358671,2003-04-11T18:30:00.000Z,createdBy.u1tc@example.net,2016-06-24T18:30:00.000Z,modifiedBy.u1tc@example.org
1402033c-b740-4854-a288-dd8077c1ed12,title-1402033,description-1402033,OTHER,EASY,sampleRepo-1402033,targetFile-1402033,baseCode-1402033,testScript-1402033,Runners-4358671,2004-01-08T18:30:00.000Z,createdBy.u1td@example.com,2013-11-27T18:30:00.000Z,modifiedBy.u1td@example.net
1402034d-b98f-4363-bf6d-292db0f4c973,title-1402034,description-1402034,OTHER,EASY,sampleRepo-1402034,targetFile-1402034,baseCode-1402034,testScript-1402034,Runners-4358671,2005-11-27T18:30:00.000Z,createdBy.u1te@example.net,2010-09-21T18:30:00.000Z,modifiedBy.u1te@example.org
14020354-19ba-478d-ae5e-0cee4049695c,title-1402035,description-1402035,OTHER,EASY,sampleRepo-1402035,targetFile-1402035,baseCode-1402035,testScript-1402035,Runners-4358671,2023-11-07T18:30:00.000Z,createdBy.u1tf@example.org,2021-03-27T18:30:00.000Z,modifiedBy.u1tf@example.com
14020362-2f29-4c81-9b71-f749fd7c63d7,title-1402036,description-1402036,OTHER,EASY,sampleRepo-1402036,targetFile-1402036,baseCode-1402036,testScript-1402036,Runners-4358671,2002-01-21T18:30:00.000Z,createdBy.u1tg@example.com,2003-03-15T18:30:00.000Z,modifiedBy.u1tg@example.com
14020378-7bf6-4161-84eb-5a9954215807,title-1402037,description-1402037,OTHER,EASY,sampleRepo-1402037,targetFile-1402037,baseCode-1402037,testScript-1402037,Runners-4358671,2016-01-28T18:30:00.000Z,createdBy.u1th@example.org,2003-12-25T18:30:00.000Z,modifiedBy.u1th@example.com
1402038a-92b0-49b4-ae74-2a071d1c0700,title-1402038,description-1402038,OTHER,EASY,sampleRepo-1402038,targetFile-1402038,baseCode-1402038,testScript-1402038,Runners-4358671,2014-09-01T18:30:00.000Z,createdBy.u1ti@example.net,2003-08-09T18:30:00.000Z,modifiedBy.u1ti@example.org
14020395-a9fd-40fb-bdb5-051604ce5e11,title-1402039,description-1402039,OTHER,EASY,sampleRepo-1402039,targetFile-1402039,baseCode-1402039,testScript-1402039,Runners-4358671,2010-01-06T18:30:00.000Z,createdBy.u1tj@example.net,2000-05-05T18:30:00.000Z,modifiedBy.u1tj@example.net
14020408-1348-430e-ac7e-c9fd5049cf02,title-1402040,description-1402040,OTHER,EASY,sampleRepo-1402040,targetFile-1402040,baseCode-1402040,testScript-1402040,Runners-4358671,2007-05-27T18:30:00.000Z,createdBy.u1tk@example.net,2008-12-27T18:30:00.000Z,modifiedBy.u1tk@example.com
14020415-c398-4456-b5be-7a34a0dc48fb,title-1402041,description-1402041,OTHER,EASY,sampleRepo-1402041,targetFile-1402041,baseCode-1402041,testScript-1402041,Runners-4358671,2002-07-24T18:30:00.000Z,createdBy.u1tl@example.org,2008-06-17T18:30:00.000Z,modifiedBy.u1tl@example.net
14020424-9bef-4305-b3f8-211cd2780301,title-1402042,description-1402042,OTHER,EASY,sampleRepo-1402042,targetFile-1402042,baseCode-1402042,testScript-1402042,Runners-4358671,2018-12-10T18:30:00.000Z,createdBy.u1tm@example.org,2012-03-14T18:30:00.000Z,modifiedBy.u1tm@example.net
1402043a-ae12-4438-86f6-7ddcf988dda0,title-1402043,description-1402043,OTHER,EASY,sampleRepo-1402043,targetFile-1402043,baseCode-1402043,testScript-1402043,Runners-4358671,2019-07-03T18:30:00.000Z,createdBy.u1tn@example.net,2011-06-22T18:30:00.000Z,modifiedBy.u1tn@example.net
14020445-e340-4bf1-a908-e17d4b2f41d2,title-1402044,description-1402044,OTHER,EASY,sampleRepo-1402044,targetFile-1402044,baseCode-1402044,testScript-1402044,Runners-4358671,2022-12-20T18:30:00.000Z,createdBy.u1to@example.net,2004-04-03T18:30:00.000Z,modifiedBy.u1to@example.net
14020457-e149-48ff-86d7-41213b852668,title-1402045,description-1402045,OTHER,EASY,sampleRepo-1402045,targetFile-1402045,baseCode-1402045,testScript-1402045,Runners-4358671,2002-06-12T18:30:00.000Z,createdBy.u1tp@example.com,2005-02-15T18:30:00.000Z,modifiedBy.u1tp@example.com
14020463-0384-4854-b83c-76de6264a528,title-1402046,description-1402046,OTHER,EASY,sampleRepo-1402046,targetFile-1402046,baseCode-1402046,testScript-1402046,Runners-4358671,2004-09-21T18:30:00.000Z,createdBy.u1tq@example.org,2003-11-15T18:30:00.000Z,modifiedBy.u1tq@example.net
1402047e-6030-4836-9962-2a04a9612aa8,title-1402047,description-1402047,OTHER,EASY,sampleRepo-1402047,targetFile-1402047,baseCode-1402047,testScript-1402047,Runners-4358671,2007-08-22T18:30:00.000Z,createdBy.u1tr@example.com,2017-06-12T18:30:00.000Z,modifiedBy.u1tr@example.com
14020486-1f8a-4ca5-b511-b02a5a9313ee,title-1402048,description-1402048,OTHER,EASY,sampleRepo-1402048,targetFile-1402048,baseCode-1402048,testScript-1402048,Runners-4358671,2022-10-05T18:30:00.000Z,createdBy.u1ts@example.com,2018-04-16T18:30:00.000Z,modifiedBy.u1ts@example.com
14020492-bcdb-4e8c-a298-92dff246ebdb,title-1402049,description-1402049,OTHER,EASY,sampleRepo-1402049,targetFile-1402049,baseCode-1402049,testScript-1402049,Runners-4358671,2020-05-02T18:30:00.000Z,createdBy.u1tt@example.org,2022-10-27T18:30:00.000Z,modifiedBy.u1tt@example.org
14020509-8344-427c-9398-8737c6a76275,title-1402050,description-1402050,OTHER,EASY,sampleRepo-1402050,targetFile-1402050,baseCode-1402050,testScript-1402050,Runners-4358671,2010-11-06T18:30:00.000Z,createdBy.u1tu@example.org,2015-01-12T18:30:00.000Z,modifiedBy.u1tu@example.org
14020513-2c52-476d-aef8-bce75419a383,title-1402051,description-1402051,OTHER,EASY,sampleRepo-1402051,targetFile-1402051,baseCode-1402051,testScript-1402051,Runners-4358671,2023-01-21T18:30:00.000Z,createdBy.u1tv@example.org,2003-03-19T18:30:00.000Z,modifiedBy.u1tv@example.com
1402052d-555f-4f53-9b4a-2534008bb0b7,title-1402052,description-1402052,OTHER,EASY,sampleRepo-1402052,targetFile-1402052,baseCode-1402052,testScript-1402052,Runners-4358671,2000-12-31T18:30:00.000Z,createdBy.u1tw@example.com,2023-09-02T18:30:00.000Z,modifiedBy.u1tw@example.com
14020536-c9b0-4d55-ac55-5d15443fe251,title-1402053,description-1402053,OTHER,EASY,sampleRepo-1402053,targetFile-1402053,baseCode-1402053,testScript-1402053,Runners-4358671,2001-01-16T18:30:00.000Z,createdBy.u1tx@example.net,2008-06-29T18:30:00.000Z,modifiedBy.u1tx@example.org
14020547-c287-4bea-a3d3-43ab1e305155,title-1402054,description-1402054,OTHER,EASY,sampleRepo-1402054,targetFile-1402054,baseCode-1402054,testScript-1402054,Runners-4358671,2009-12-13T18:30:00.000Z,createdBy.u1ty@example.org,2022-08-14T18:30:00.000Z,modifiedBy.u1ty@example.org
14020550-59be-4d25-9696-43d6424030be,title-1402055,description-1402055,OTHER,EASY,sampleRepo-1402055,targetFile-1402055,baseCode-1402055,testScript-1402055,Runners-4358671,2003-09-17T18:30:00.000Z,createdBy.u1tz@example.net,2022-07-30T18:30:00.000Z,modifiedBy.u1tz@example.org
1402056f-0d0a-4d76-9f3a-f2c10fb93c33,title-1402056,description-1402056,OTHER,EASY,sampleRepo-1402056,targetFile-1402056,baseCode-1402056,testScript-1402056,Runners-4358671,2018-06-11T18:30:00.000Z,createdBy.u1u0@example.net,2009-03-13T18:30:00.000Z,modifiedBy.u1u0@example.com
14020575-587c-4f1b-b855-2aea0600c734,title-1402057,description-1402057,OTHER,EASY,sampleRepo-1402057,targetFile-1402057,baseCode-1402057,testScript-1402057,Runners-4358671,2007-11-13T18:30:00.000Z,createdBy.u1u1@example.org,2005-11-21T18:30:00.000Z,modifiedBy.u1u1@example.com
14020580-1982-47e0-9075-7c02d61b6bb3,title-1402058,description-1402058,OTHER,EASY,sampleRepo-1402058,targetFile-1402058,baseCode-1402058,testScript-1402058,Runners-4358671,2018-01-18T18:30:00.000Z,createdBy.u1u2@example.com,2011-01-13T18:30:00.000Z,modifiedBy.u1u2@example.net
14020595-787b-47d6-b420-5cd0f66d3874,title-1402059,description-1402059,OTHER,EASY,sampleRepo-1402059,targetFile-1402059,baseCode-1402059,testScript-1402059,Runners-4358671,2011-02-22T18:30:00.000Z,createdBy.u1u3@example.net,2017-09-27T18:30:00.000Z,modifiedBy.u1u3@example.net
14020607-b44b-459b-b466-f4a6ea706add,title-1402060,description-1402060,OTHER,EASY,sampleRepo-1402060,targetFile-1402060,baseCode-1402060,testScript-1402060,Runners-4358671,2021-10-16T18:30:00.000Z,createdBy.u1u4@example.net,2004-08-12T18:30:00.000Z,modifiedBy.u1u4@example.org
14020616-163f-4dff-83b6-69a78acdc7e7,title-1402061,description-1402061,OTHER,EASY,sampleRepo-1402061,targetFile-1402061,baseCode-1402061,testScript-1402061,Runners-4358671,2018-08-05T18:30:00.000Z,createdBy.u1u5@example.com,2008-03-10T18:30:00.000Z,modifiedBy.u1u5@example.net
14020627-cf00-4817-bbef-26fe3e024928,title-1402062,description-1402062,OTHER,EASY,sampleRepo-1402062,targetFile-1402062,baseCode-1402062,testScript-1402062,Runners-4358671,2007-09-01T18:30:00.000Z,createdBy.u1u6@example.org,2005-09-17T18:30:00.000Z,modifiedBy.u1u6@example.com
1402063a-cbbc-4bcf-8d53-a5ec4d93ba5c,title-1402063,description-1402063,OTHER,EASY,sampleRepo-1402063,targetFile-1402063,baseCode-1402063,testScript-1402063,Runners-4358671,2000-03-20T18:30:00.000Z,createdBy.u1u7@example.org,2001-04-18T18:30:00.000Z,modifiedBy.u1u7@example.net
14020640-e5f3-4b8b-ad38-c9df38e4a637,title-1402064,description-1402064,OTHER,EASY,sampleRepo-1402064,targetFile-1402064,baseCode-1402064,testScript-1402064,Runners-4358671,2000-06-23T18:30:00.000Z,createdBy.u1u8@example.com,2005-08-21T18:30:00.000Z,modifiedBy.u1u8@example.com
1402065f-860d-464d-abae-ff667f3e1805,title-1402065,description-1402065,OTHER,EASY,sampleRepo-1402065,targetFile-1402065,baseCode-1402065,testScript-1402065,Runners-4358671,2009-11-02T18:30:00.000Z,createdBy.u1u9@example.org,2012-01-11T18:30:00.000Z,modifiedBy.u1u9@example.com
14020663-e87d-427a-93ef-253ffd303937,title-1402066,description-1402066,OTHER,EASY,sampleRepo-1402066,targetFile-1402066,baseCode-1402066,testScript-1402066,Runners-4358671,2006-02-19T18:30:00.000Z,createdBy.u1ua@example.org,2003-11-11T18:30:00.000Z,modifiedBy.u1ua@example.org
14020677-28fe-48c4-871e-1a26d5a19786,title-1402067,description-1402067,OTHER,EASY,sampleRepo-1402067,targetFile-1402067,baseCode-1402067,testScript-1402067,Runners-4358671,2010-10-02T18:30:00.000Z,createdBy.u1ub@example.org,2023-02-12T18:30:00.000Z,modifiedBy.u1ub@example.net
14020689-52cc-426b-b6c1-790887a91f8a,title-1402068,description-1402068,OTHER,EASY,sampleRepo-1402068,targetFile-1402068,baseCode-1402068,testScript-1402068,Runners-4358671,2023-08-22T18:30:00.000Z,createdBy.u1uc@example.net,2009-05-16T18:30:00.000Z,modifiedBy.u1uc@example.org
14020692-f3bf-4a58-bd92-1d38fb9ad6b1,title-1402069,description-1402069,OTHER,EASY,sampleRepo-1402069,targetFile-1402069,baseCode-1402069,testScript-1402069,Runners-4358671,2010-03-18T18:30:00.000Z,createdBy.u1ud@example.org,2019-12-13T18:30:00.000Z,modifiedBy.u1ud@example.net
14020701-3119-4921-bd70-b3c27dcc4e66,title-1402070,description-1402070,OTHER,EASY,sampleRepo-1402070,targetFile-1402070,baseCode-1402070,testScript-1402070,Runners-4358671,2016-04-21T18:30:00.000Z,createdBy.u1ue@example.com,2006-11-05T18:30:00.000Z,modifiedBy.u1ue@example.org
14020710-b4a2-4dbf-8741-7f1bffde30c9,title-1402071,description-1402071,OTHER,EASY,sampleRepo-1402071,targetFile-1402071,baseCode-1402071,testScript-1402071,Runners-4358671,2017-07-13T18:30:00.000Z,createdBy.u1uf@example.org,2001-11-03T18:30:00.000Z,modifiedBy.u1uf@example.com
1402072d-a176-4368-a0ef-bb4c3bfb2f59,title-1402072,description-1402072,OTHER,EASY,sampleRepo-1402072,targetFile-1402072,baseCode-1402072,testScript-1402072,Runners-4358671,2007-06-17T18:30:00.000Z,createdBy.u1ug@example.org,2001-12-20T18:30:00.000Z,modifiedBy.u1ug@example.com
14020737-ca4f-475c-902d-1904fbda44da,title-1402073,description-1402073,OTHER,EASY,sampleRepo-1402073,targetFile-1402073,baseCode-1402073,testScript-1402073,Runners-4358671,2018-11-15T18:30:00.000Z,createdBy.u1uh@example.org,2013-12-17T18:30:00.000Z,modifiedBy.u1uh@example.net
14020748-73d8-476a-87b0-afaf6ef5b71e,title-1402074,description-1402074,OTHER,EASY,sampleRepo-1402074,targetFile-1402074,baseCode-1402074,testScript-1402074,Runners-4358671,2000-11-25T18:30:00.000Z,createdBy.u1ui@example.com,2006-07-11T18:30:00.000Z,modifiedBy.u1ui@example.net
14020756-96a4-49ef-8fe0-793ad5fd7fe3,title-1402075,description-1402075,OTHER,EASY,sampleRepo-1402075,targetFile-1402075,baseCode-1402075,testScript-1402075,Runners-4358671,2003-07-08T18:30:00.000Z,createdBy.u1uj@example.com,2000-06-13T18:30:00.000Z,modifiedBy.u1uj@example.net
1402076e-92a5-4e6e-b61a-16d63efcd586,title-1402076,description-1402076,OTHER,EASY,sampleRepo-1402076,targetFile-1402076,baseCode-1402076,testScript-1402076,Runners-4358671,2021-01-10T18:30:00.000Z,createdBy.u1uk@example.net,2009-04-17T18:30:00.000Z,modifiedBy.u1uk@example.com
14020771-6352-4589-9013-797f2c3423f8,title-1402077,description-1402077,OTHER,EASY,sampleRepo-1402077,targetFile-1402077,baseCode-1402077,testScript-1402077,Runners-4358671,2006-10-11T18:30:00.000Z,createdBy.u1ul@example.org,2013-05-08T18:30:00.000Z,modifiedBy.u1ul@example.com
14020786-b801-4508-b09e-8f33372797e6,title-1402078,description-1402078,OTHER,EASY,sampleRepo-1402078,targetFile-1402078,baseCode-1402078,testScript-1402078,Runners-4358671,2005-09-17T18:30:00.000Z,createdBy.u1um@example.com,2008-07-30T18:30:00.000Z,modifiedBy.u1um@example.net
14020792-b398-4358-a2d3-b970e08205a0,title-1402079,description-1402079,OTHER,EASY,sampleRepo-1402079,targetFile-1402079,baseCode-1402079,testScript-1402079,Runners-4358671,2003-05-25T18:30:00.000Z,createdBy.u1un@example.net,2013-09-03T18:30:00.000Z,modifiedBy.u1un@example.net
14020808-2977-4c29-979e-fcbec878c6c5,title-1402080,description-1402080,OTHER,EASY,sampleRepo-1402080,targetFile-1402080,baseCode-1402080,testScript-1402080,Runners-4358671,2004-06-11T18:30:00.000Z,createdBy.u1uo@example.com,2004-11-28T18:30:00.000Z,modifiedBy.u1uo@example.com
1402081c-5d58-4f11-81a1-342aa50ba0aa,title-1402081,description-1402081,OTHER,EASY,sampleRepo-1402081,targetFile-1402081,baseCode-1402081,testScript-1402081,Runners-4358671,2004-05-06T18:30:00.000Z,createdBy.u1up@example.org,2021-07-01T18:30:00.000Z,modifiedBy.u1up@example.com
14020829-b96d-46c4-9c0a-664a86329732,title-1402082,description-1402082,OTHER,EASY,sampleRepo-1402082,targetFile-1402082,baseCode-1402082,testScript-1402082,Runners-4358671,2004-09-09T18:30:00.000Z,createdBy.u1uq@example.com,2011-09-18T18:30:00.000Z,modifiedBy.u1uq@example.net
14020831-51ad-40bd-9ece-259b2806d39d,title-1402083,description-1402083,OTHER,EASY,sampleRepo-1402083,targetFile-1402083,baseCode-1402083,testScript-1402083,Runners-4358671,2011-10-06T18:30:00.000Z,createdBy.u1ur@example.com,2007-05-21T18:30:00.000Z,modifiedBy.u1ur@example.com
1402084d-e4e8-41ec-b884-afa90c035ec0,title-1402084,description-1402084,OTHER,EASY,sampleRepo-1402084,targetFile-1402084,baseCode-1402084,testScript-1402084,Runners-4358671,2013-10-23T18:30:00.000Z,createdBy.u1us@example.com,2018-01-28T18:30:00.000Z,modifiedBy.u1us@example.com
1402085e-0c7c-4bc7-8bbb-3061474e5a92,title-1402085,description-1402085,OTHER,EASY,sampleRepo-1402085,targetFile-1402085,baseCode-1402085,testScript-1402085,Runners-4358671,2000-03-30T18:30:00.000Z,createdBy.u1ut@example.org,2015-02-26T18:30:00.000Z,modifiedBy.u1ut@example.net
1402086d-5743-4697-bace-e2eaef3483e9,title-1402086,description-1402086,OTHER,EASY,sampleRepo-1402086,targetFile-1402086,baseCode-1402086,testScript-1402086,Runners-4358671,2000-12-04T18:30:00.000Z,createdBy.u1uu@example.net,2005-08-02T18:30:00.000Z,modifiedBy.u1uu@example.org
14020875-e70a-48cf-bddf-7fb92a36ce63,title-1402087,description-1402087,OTHER,EASY,sampleRepo-1402087,targetFile-1402087,baseCode-1402087,testScript-1402087,Runners-4358671,2023-11-07T18:30:00.000Z,createdBy.u1uv@example.com,2023-11-07T18:30:00.000Z,modifiedBy.u1uv@example.net
1402088d-60ae-4e26-8fe9-fc273aa54577,title-1402088,description-1402088,OTHER,EASY,sampleRepo-1402088,targetFile-1402088,baseCode-1402088,testScript-1402088,Runners-4358671,2010-08-03T18:30:00.000Z,createdBy.u1uw@example.org,2001-11-24T18:30:00.000Z,modifiedBy.u1uw@example.org
14020897-616b-4bdf-8f50-1fbd2e3962bb,title-1402089,description-1402089,OTHER,EASY,sampleRepo-1402089,targetFile-1402089,baseCode-1402089,testScript-1402089,Runners-4358671,2023-07-10T18:30:00.000Z,createdBy.u1ux@example.net,2005-06-05T18:30:00.000Z,modifiedBy.u1ux@example.net
14020907-0199-43d4-a3e1-3cb65c15c3cb,title-1402090,description-1402090,OTHER,EASY,sampleRepo-1402090,targetFile-1402090,baseCode-1402090,testScript-1402090,Runners-4358671,2015-08-05T18:30:00.000Z,createdBy.u1uy@example.org,2005-08-27T18:30:00.000Z,modifiedBy.u1uy@example.net
14020913-1fc2-4435-bbc8-e9958a2ad97b,title-1402091,description-1402091,OTHER,EASY,sampleRepo-1402091,targetFile-1402091,baseCode-1402091,testScript-1402091,Runners-4358671,2020-06-30T18:30:00.000Z,createdBy.u1uz@example.com,2020-10-29T18:30:00.000Z,modifiedBy.u1uz@example.org
1402092c-a64c-497a-a2b1-90d42e627629,title-1402092,description-1402092,OTHER,EASY,sampleRepo-1402092,targetFile-1402092,baseCode-1402092,testScript-1402092,Runners-4358671,2010-06-19T18:30:00.000Z,createdBy.u1v0@example.com,2020-09-01T18:30:00.000Z,modifiedBy.u1v0@example.net
14020933-9c67-4b89-b364-f0b26cc844ad,title-1402093,description-1402093,OTHER,EASY,sampleRepo-1402093,targetFile-1402093,baseCode-1402093,testScript-1402093,Runners-4358671,2023-06-19T18:30:00.000Z,createdBy.u1v1@example.com,2010-11-29T18:30:00.000Z,modifiedBy.u1v1@example.net
1402094b-f74b-4cf3-9802-cb2f7815bd17,title-1402094,description-1402094,OTHER,EASY,sampleRepo-1402094,targetFile-1402094,baseCode-1402094,testScript-1402094,Runners-4358671,2013-12-06T18:30:00.000Z,createdBy.u1v2@example.com,2020-08-07T18:30:00.000Z,modifiedBy.u1v2@example.org
14020952-6096-4abf-9f6a-1670c3771ba3,title-1402095,description-1402095,OTHER,EASY,sampleRepo-1402095,targetFile-1402095,baseCode-1402095,testScript-1402095,Runners-4358671,2001-09-30T18:30:00.000Z,createdBy.u1v3@example.net,2014-05-24T18:30:00.000Z,modifiedBy.u1v3@example.net
1402096b-90f3-4eb0-b6c3-5b37d75d5d6b,title-1402096,description-1402096,OTHER,EASY,sampleRepo-1402096,targetFile-1402096,baseCode-1402096,testScript-1402096,Runners-4358671,2006-03-30T18:30:00.000Z,createdBy.u1v4@example.org,2004-11-02T18:30:00.000Z,modifiedBy.u1v4@example.net
1402097c-0989-495e-9ec8-5277d92acb55,title-1402097,description-1402097,OTHER,EASY,sampleRepo-1402097,targetFile-1402097,baseCode-1402097,testScript-1402097,Runners-4358671,2016-09-27T18:30:00.000Z,createdBy.u1v5@example.org,2012-05-24T18:30:00.000Z,modifiedBy.u1v5@example.net
14020984-97f5-4678-af9a-4b190d04d913,title-1402098,description-1402098,OTHER,EASY,sampleRepo-1402098,targetFile-1402098,baseCode-1402098,testScript-1402098,Runners-4358671,2004-05-11T18:30:00.000Z,createdBy.u1v6@example.net,2000-03-17T18:30:00.000Z,modifiedBy.u1v6@example.net
14020997-626d-4e0d-a310-a13d604fe3d4,title-1402099,description-1402099,OTHER,EASY,sampleRepo-1402099,targetFile-1402099,baseCode-1402099,testScript-1402099,Runners-4358671,2005-07-19T18:30:00.000Z,createdBy.u1v7@example.com,2020-07-18T18:30:00.000Z,modifiedBy.u1v7@example.com
1402100c-e41a-4675-a2e7-147e65385745,title-1402100,description-1402100,OTHER,EASY,sampleRepo-1402100,targetFile-1402100,baseCode-1402100,testScript-1402100,Runners-4358671,2000-06-04T18:30:00.000Z,createdBy.u1v8@example.com,2006-01-01T18:30:00.000Z,modifiedBy.u1v8@example.net
14021019-554c-4b9a-a0aa-26d12398e462,title-1402101,description-1402101,OTHER,EASY,sampleRepo-1402101,targetFile-1402101,baseCode-1402101,testScript-1402101,Runners-4358671,2004-11-23T18:30:00.000Z,createdBy.u1v9@example.com,2010-10-28T18:30:00.000Z,modifiedBy.u1v9@example.com
14021028-a89f-4900-8da5-e694ab89f17a,title-1402102,description-1402102,OTHER,EASY,sampleRepo-1402102,targetFile-1402102,baseCode-1402102,testScript-1402102,Runners-4358671,2010-01-07T18:30:00.000Z,createdBy.u1va@example.org,2018-01-24T18:30:00.000Z,modifiedBy.u1va@example.com
14021035-942b-4986-b0a8-96c5366873cf,title-1402103,description-1402103,OTHER,EASY,sampleRepo-1402103,targetFile-1402103,baseCode-1402103,testScript-1402103,Runners-4358671,2006-07-08T18:30:00.000Z,createdBy.u1vb@example.com,2016-08-13T18:30:00.000Z,modifiedBy.u1vb@example.com
14021043-1292-406b-81ab-82d3c94c5bcc,title-1402104,description-1402104,OTHER,EASY,sampleRepo-1402104,targetFile-1402104,baseCode-1402104,testScript-1402104,Runners-4358671,2018-04-06T18:30:00.000Z,createdBy.u1vc@example.net,2007-02-07T18:30:00.000Z,modifiedBy.u1vc@example.com
1402105d-ae8b-4d6e-b555-745e56d91307,title-1402105,description-1402105,OTHER,EASY,sampleRepo-1402105,targetFile-1402105,baseCode-1402105,testScript-1402105,Runners-4358671,2007-11-21T18:30:00.000Z,createdBy.u1vd@example.net,2000-06-12T18:30:00.000Z,modifiedBy.u1vd@example.org
14021062-df54-4cd0-a35e-faa8bf8a50a4,title-1402106,description-1402106,OTHER,EASY,sampleRepo-1402106,targetFile-1402106,baseCode-1402106,testScript-1402106,Runners-4358671,2014-01-02T18:30:00.000Z,createdBy.u1ve@example.org,2013-07-10T18:30:00.000Z,modifiedBy.u1ve@example.com
14021070-325e-46d5-9b85-3b40032c567e,title-1402107,description-1402107,OTHER,EASY,sampleRepo-1402107,targetFile-1402107,baseCode-1402107,testScript-1402107,Runners-4358671,2010-04-03T18:30:00.000Z,createdBy.u1vf@example.org,2007-05-25T18:30:00.000Z,modifiedBy.u1vf@example.org
1402108c-c89f-4fd7-b7dc-889d5310f268,title-1402108,description-1402108,OTHER,EASY,sampleRepo-1402108,targetFile-1402108,baseCode-1402108,testScript-1402108,Runners-4358671,2015-07-08T18:30:00.000Z,createdBy.u1vg@example.net,2002-03-03T18:30:00.000Z,modifiedBy.u1vg@example.net
1402109c-a937-4bd2-8795-b99a71046384,title-1402109,description-1402109,OTHER,EASY,sampleRepo-1402109,targetFile-1402109,baseCode-1402109,testScript-1402109,Runners-4358671,2013-07-30T18:30:00.000Z,createdBy.u1vh@example.com,2018-02-25T18:30:00.000Z,modifiedBy.u1vh@example.net
1402110d-9127-434e-9748-efd92d26e6c1,title-1402110,description-1402110,OTHER,EASY,sampleRepo-1402110,targetFile-1402110,baseCode-1402110,testScript-1402110,Runners-4358671,2005-06-22T18:30:00.000Z,createdBy.u1vi@example.net,2015-03-04T18:30:00.000Z,modifiedBy.u1vi@example.com
14021116-9da2-4de7-9de1-4d084df6b2da,title-1402111,description-1402111,OTHER,EASY,sampleRepo-1402111,targetFile-1402111,baseCode-1402111,testScript-1402111,Runners-4358671,2012-10-21T18:30:00.000Z,createdBy.u1vj@example.net,2003-06-04T18:30:00.000Z,modifiedBy.u1vj@example.org
14021126-5267-413a-874c-2f91346509af,title-1402112,description-1402112,OTHER,EASY,sampleRepo-1402112,targetFile-1402112,baseCode-1402112,testScript-1402112,Runners-4358671,2012-07-05T18:30:00.000Z,createdBy.u1vk@example.com,2002-10-04T18:30:00.000Z,modifiedBy.u1vk@example.org
14021139-6405-4927-8877-d059ae41a006,title-1402113,description-1402113,OTHER,EASY,sampleRepo-1402113,targetFile-1402113,baseCode-1402113,testScript-1402113,Runners-4358671,2019-03-06T18:30:00.000Z,createdBy.u1vl@example.net,2018-06-22T18:30:00.000Z,modifiedBy.u1vl@example.net
14021142-37bc-474e-a622-6a296bc20ecf,title-1402114,description-1402114,OTHER,EASY,sampleRepo-1402114,targetFile-1402114,baseCode-1402114,testScript-1402114,Runners-4358671,2011-04-27T18:30:00.000Z,createdBy.u1vm@example.com,2005-07-03T18:30:00.000Z,modifiedBy.u1vm@example.net
14021158-1f27-4614-a01f-75bb4073958a,title-1402115,description-1402115,OTHER,EASY,sampleRepo-1402115,targetFile-1402115,baseCode-1402115,testScript-1402115,Runners-4358671,2022-09-02T18:30:00.000Z,createdBy.u1vn@example.org,2023-03-10T18:30:00.000Z,modifiedBy.u1vn@example.com
1402116f-d323-40d1-87b8-f1723435d28f,title-1402116,description-1402116,OTHER,EASY,sampleRepo-1402116,targetFile-1402116,baseCode-1402116,testScript-1402116,Runners-4358671,2004-06-08T18:30:00.000Z,createdBy.u1vo@example.net,2013-02-22T18:30:00.000Z,modifiedBy.u1vo@example.org
14021175-996f-472e-b8b9-e5146a246b90,title-1402117,description-1402117,OTHER,EASY,sampleRepo-1402117,targetFile-1402117,baseCode-1402117,testScript-1402117,Runners-4358671,2016-07-08T18:30:00.000Z,createdBy.u1vp@example.com,2001-04-25T18:30:00.000Z,modifiedBy.u1vp@example.net
1402118a-bbc9-4b68-b513-d9f05a60df17,title-1402118,description-1402118,OTHER,EASY,sampleRepo-1402118,targetFile-1402118,baseCode-1402118,testScript-1402118,Runners-4358671,2006-11-16T18:30:00.000Z,createdBy.u1vq@example.org,2000-03-03T18:30:00.000Z,modifiedBy.u1vq@example.org
14021192-c04f-404c-a735-b15822b365e1,title-1402119,description-1402119,OTHER,EASY,sampleRepo-1402119,targetFile-1402119,baseCode-1402119,testScript-1402119,Runners-4358671,2011-11-08T18:30:00.000Z,createdBy.u1vr@example.org,2011-05-27T18:30:00.000Z,modifiedBy.u1vr@example.com
1402120a-c6ae-4cf8-ab2b-ebc803cbd4e1,title-1402120,description-1402120,OTHER,EASY,sampleRepo-1402120,targetFile-1402120,baseCode-1402120,testScript-1402120,Runners-4358671,2004-09-30T18:30:00.000Z,createdBy.u1vs@example.net,2001-08-26T18:30:00.000Z,modifiedBy.u1vs@example.com
1402121e-c7cd-4255-9e5e-dcf0ffaf8910,title-1402121,description-1402121,OTHER,EASY,sampleRepo-1402121,targetFile-1402121,baseCode-1402121,testScript-1402121,Runners-4358671,2018-06-15T18:30:00.000Z,createdBy.u1vt@example.net,2008-01-21T18:30:00.000Z,modifiedBy.u1vt@example.net
1402122d-d2e0-4215-b0e1-121e20d5043e,title-1402122,description-1402122,OTHER,EASY,sampleRepo-1402122,targetFile-1402122,baseCode-1402122,testScript-1402122,Runners-4358671,2017-12-28T18:30:00.000Z,createdBy.u1vu@example.com,2015-10-19T18:30:00.000Z,modifiedBy.u1vu@example.org
14021237-b81d-4dfa-884f-aa83b5f62a44,title-1402123,description-1402123,OTHER,EASY,sampleRepo-1402123,targetFile-1402123,baseCode-1402123,testScript-1402123,Runners-4358671,2004-03-08T18:30:00.000Z,createdBy.u1vv@example.net,2004-12-07T18:30:00.000Z,modifiedBy.u1vv@example.net
14021246-ddea-4732-830a-64f452ee1e08,title-1402124,description-1402124,OTHER,EASY,sampleRepo-1402124,targetFile-1402124,baseCode-1402124,testScript-1402124,Runners-4358671,2014-04-16T18:30:00.000Z,createdBy.u1vw@example.net,2020-04-22T18:30:00.000Z,modifiedBy.u1vw@example.com
14021259-8ac5-4fd3-b744-f86c54403cad,title-1402125,description-1402125,OTHER,EASY,sampleRepo-1402125,targetFile-1402125,baseCode-1402125,testScript-1402125,Runners-4358671,2016-12-30T18:30:00.000Z,createdBy.u1vx@example.org,2013-02-17T18:30:00.000Z,modifiedBy.u1vx@example.com
1402126f-c90e-4bbc-af51-a6b7593793d0,title-1402126,description-1402126,OTHER,EASY,sampleRepo-1402126,targetFile-1402126,baseCode-1402126,testScript-1402126,Runners-4358671,2003-02-18T18:30:00.000Z,createdBy.u1vy@example.org,2016-06-12T18:30:00.000Z,modifiedBy.u1vy@example.net